{"timestamp":1487567141,"information":{"bitcoin_value":1046.29,"total_bitcoin":16173100,"block_reward":12.5,"mining_difficulty":"4.40779902286E11","hash_rate":"2.936112563854487E9","total_blocks":1293848,"total_bitcoin_value":16921752799}}